{
  "current-scene": "302a60c7-585e-41a0-8cb9-9f6c354d48b0",
  "gizmos-infos": {
    "iconGizmoSize": 2,
    "isGridVisible": true,
    "isIconGizmo3D": false
  },
  "camera-infos": {
    "2990558b-e2c0-49ed-b679-0d6c208a740b": {
      "position": {
        "x": 0.24953143245377,
        "y": 10.15818391587914,
        "z": 11.409083448678407
      },
      "rotation": {
        "w": 0.9176222918533175,
        "x": -0.3927034167473406,
        "y": 0.054254873711346005,
        "z": 0.022856956531808498
      },
      "viewCenter": {
        "x": 0.2206106019933767,
        "y": 9.901930087649403,
        "z": 11.166221346764912
      }
    },
    "302a60c7-585e-41a0-8cb9-9f6c354d48b0": {
      "position": {
        "x": 2.163934876340116,
        "y": 7.847379701230153,
        "z": 7.187432219628855
      },
      "rotation": {
        "w": 0.9197916270005636,
        "x": -0.36851411663990163,
        "y": 0.12499672894909242,
        "z": 0.049816918602931484
      },
      "viewCenter": {
        "x": -3.1054180401107963,
        "y": -10.979251908426722,
        "z": -11.822054189098482
      }
    },
    "3c0045cf-1355-4204-8c89-a020ea21376b": {
      "position": {
        "x": 50,
        "y": 50,
        "z": 50
      },
      "rotation": {
        "w": 0.8804762392171493,
        "x": -0.27984814233312133,
        "y": 0.3647051996310009,
        "z": 0.11591689595929514
      },
      "viewCenter": {
        "x": 0,
        "y": 0,
        "z": 0
      }
    },
    "6939ab49-cf32-48b7-bb84-9c1a0dbc3c37": {
      "position": {
        "x": 8.586391441065096,
        "y": 10.238158911041788,
        "z": 9.643600565364322
      },
      "rotation": {
        "w": 0.9182804541236949,
        "x": -0.34573391767957606,
        "y": 0.18030792314525446,
        "z": 0.06777104498212279
      },
      "viewCenter": {
        "x": 4.13847900071759,
        "y": -0.07880039145146256,
        "z": -1.2426888580014186
      }
    },
    "83fbcdd1-1549-4b0d-bf59-aaad165330ac": {
      "position": {
        "x": 50,
        "y": 50,
        "z": 50
      },
      "rotation": {
        "w": 0.8804762392171493,
        "x": -0.27984814233312133,
        "y": 0.3647051996310009,
        "z": 0.11591689595929514
      },
      "viewCenter": {
        "x": 0,
        "y": 0,
        "z": 0
      }
    },
    "c902a5dd-a3cd-4d71-8683-24a953c7d413": {
      "position": {
        "x": 3.6823553134095683,
        "y": 9.804135753518729,
        "z": 10.165145651859419
      },
      "rotation": {
        "w": 0.9220186438386605,
        "x": -0.3377170495591333,
        "y": 0.17773446842175974,
        "z": 0.06500591988887869
      },
      "viewCenter": {
        "x": -2.649261078311906,
        "y": -4.6032000319213395,
        "z": -5.643760539035636
      }
    },
    "f46876e4-e81b-4931-b493-6d367be385e7": {
      "position": {
        "x": 50,
        "y": 50,
        "z": 50
      },
      "rotation": {
        "w": 0.8804762392171493,
        "x": -0.27984814233312133,
        "y": 0.3647051996310009,
        "z": 0.11591689595929514
      },
      "viewCenter": {
        "x": 0,
        "y": 0,
        "z": 0
      }
    }
  },
  "camera-uuids": [
    "302a60c7-585e-41a0-8cb9-9f6c354d48b0"
  ],
  "float-window": {
    "position": {
      "cc": {
        "CameraComponent": {
          "bottom": 10,
          "dock": false,
          "left": null,
          "right": 10,
          "top": null
        }
      }
    }
  }
}
